"id","questionid"
"BDO001_EXM02","–"
"COM001_EXM01","COM001_EXM01_Q1"
"COM001_EXM01","COM001_EXM01_Q10"
"COM001_EXM01","COM001_EXM01_Q2"
"COM001_EXM01","COM001_EXM01_Q3"
"COM001_EXM01","COM001_EXM01_Q4"
"COM001_EXM01","COM001_EXM01_Q5"
"COM001_EXM01","COM001_EXM01_Q6"
"COM001_EXM01","COM001_EXM01_Q7"
"COM001_EXM01","COM001_EXM01_Q8"
"COM001_EXM01","COM001_EXM01_Q9"
"COM001_EXM02","COM001_EXM02_Q1"
"COM001_EXM02","COM001_EXM02_Q10"
"COM001_EXM02","COM001_EXM02_Q2"
"COM001_EXM02","COM001_EXM02_Q3"
"COM001_EXM02","COM001_EXM02_Q4"
"COM001_EXM02","COM001_EXM02_Q5"
"COM001_EXM02","COM001_EXM02_Q6"
"COM001_EXM02","COM001_EXM02_Q7"
"COM001_EXM02","COM001_EXM02_Q8"
"COM001_EXM02","COM001_EXM02_Q9"
"COM002_EXM01","COM002_EXM01_Q1"
"COM002_EXM01","COM002_EXM01_Q10"
"COM002_EXM01","COM002_EXM01_Q2"
"COM002_EXM01","COM002_EXM01_Q3"
"COM002_EXM01","COM002_EXM01_Q4"
"COM002_EXM01","COM002_EXM01_Q5"
"COM002_EXM01","COM002_EXM01_Q6"
"COM002_EXM01","COM002_EXM01_Q7"
"COM002_EXM01","COM002_EXM01_Q8"
"COM002_EXM01","COM002_EXM01_Q9"
"DGS003_EXM01","DGS003_EXM01_Q1"
"DGS003_EXM01","DGS003_EXM01_Q10"
"DGS003_EXM01","DGS003_EXM01_Q2"
"DGS003_EXM01","DGS003_EXM01_Q3"
"DGS003_EXM01","DGS003_EXM01_Q4"
"DGS003_EXM01","DGS003_EXM01_Q5"
"DGS003_EXM01","DGS003_EXM01_Q6"
"DGS003_EXM01","DGS003_EXM01_Q7"
"DGS003_EXM01","DGS003_EXM01_Q8"
"DGS003_EXM01","DGS003_EXM01_Q9"
"EMF002_EXM01","EMF002_EXM01_Q01"
"EMF002_EXM01","EMF002_EXM01_Q02"
"EMF002_EXM01","EMF002_EXM01_Q03"
"EMF002_EXM01","EMF002_EXM01_Q04"
"EMF002_EXM01","EMF002_EXM01_Q05"
"EMF002_EXM01","EMF002_EXM01_Q06"
"EMF002_EXM01","EMF002_EXM01_Q07"
"EMF002_EXM01","EMF002_EXM01_Q08"
"EMF002_EXM01","EMF002_EXM01_Q09"
"EMF002_EXM01","EMF002_EXM01_Q10"
"EMF002_EXM02","EMF002_EXM02_Q1"
"EMF002_EXM02","EMF002_EXM02_Q10"
"EMF002_EXM02","EMF002_EXM02_Q2"
"EMF002_EXM02","EMF002_EXM02_Q3"
"EMF002_EXM02","EMF002_EXM02_Q4"
"EMF002_EXM02","EMF002_EXM02_Q5"
"EMF002_EXM02","EMF002_EXM02_Q6"
"EMF002_EXM02","EMF002_EXM02_Q7"
"EMF002_EXM02","EMF002_EXM02_Q8"
"EMF002_EXM02","EMF002_EXM02_Q9"
"EMF002_EXM02_AKL","EMF002_EXM02_AKL_Q1"
"EMF002_EXM02_AKL","EMF002_EXM02_AKL_Q2"
"EMF002_EXM02_AKL","EMF002_EXM02_AKL_Q3"
"EMF002_EXM02_AKL","EMF002_EXM02_AKL_Q4"
"EMF002_EXM02_AKL","EMF002_EXM02_AKL_Q5"
"EMF002_EXM02_CHC","EMF002_EXM02_CHC_Q1"
"EMF002_EXM02_CHC","EMF002_EXM02_CHC_Q2"
"EMF002_EXM02_CHC","EMF002_EXM02_CHC_Q3"
"EMF002_EXM02_CHC","EMF002_EXM02_CHC_Q4"
"EMF002_EXM02_CHC","EMF002_EXM02_CHC_Q5"
"EMF002_EXM02_DUD","EMF002_EXM02_DUD_Q1"
"EMF002_EXM02_DUD","EMF002_EXM02_DUD_Q2"
"EMF002_EXM02_DUD","EMF002_EXM02_DUD_Q3"
"EMF002_EXM02_DUD","EMF002_EXM02_DUD_Q4"
"EMF002_EXM02_DUD","EMF002_EXM02_DUD_Q5"
"EMF002_EXM02_QTN","EMF002_EXM02_QTN_Q1"
"EMF002_EXM02_QTN","EMF002_EXM02_QTN_Q2"
"EMF002_EXM02_QTN","EMF002_EXM02_QTN_Q3"
"EMF002_EXM02_QTN","EMF002_EXM02_QTN_Q4"
"EMF002_EXM02_QTN","EMF002_EXM02_QTN_Q5"
"EMF002_EXM02_WLG","EMF002_EXM02_WLG_Q1"
"EMF002_EXM02_WLG","EMF002_EXM02_WLG_Q2"
"EMF002_EXM02_WLG","EMF002_EXM02_WLG_Q3"
"EMF002_EXM02_WLG","EMF002_EXM02_WLG_Q4"
"EMF002_EXM02_WLG","EMF002_EXM02_WLG_Q5"
"HSW002_EXM01","HSW002_EXM01_Q01"
"HSW002_EXM01","HSW002_EXM01_Q02"
"HSW002_EXM01","HSW002_EXM01_Q03"
"HSW002_EXM01","HSW002_EXM01_Q04"
"HSW002_EXM01","HSW002_EXM01_Q05"
"HSW002_EXM01","HSW002_EXM01_Q06"
"HSW002_EXM01","HSW002_EXM01_Q07"
"HSW002_EXM01","HSW002_EXM01_Q08"
"HSW002_EXM01","HSW002_EXM01_Q09"
"HSW002_EXM01","HSW002_EXM01_Q10"
"ICT001_EXM01","ICT001_EXM01_Q1"
"ICT001_EXM01","ICT001_EXM01_Q10"
"ICT001_EXM01","ICT001_EXM01_Q2"
"ICT001_EXM01","ICT001_EXM01_Q3"
"ICT001_EXM01","ICT001_EXM01_Q4"
"ICT001_EXM01","ICT001_EXM01_Q5"
"ICT001_EXM01","ICT001_EXM01_Q6"
"ICT001_EXM01","ICT001_EXM01_Q7"
"ICT001_EXM01","ICT001_EXM01_Q8"
"ICT001_EXM01","ICT001_EXM01_Q9"
"LAW001_EXM01","LAW001_EXM01_Q01"
"LAW001_EXM01","LAW001_EXM01_Q02"
"LAW001_EXM01","LAW001_EXM01_Q03"
"LAW001_EXM01","LAW001_EXM01_Q04"
"LAW001_EXM01","LAW001_EXM01_Q05"
"LAW001_EXM01","LAW001_EXM01_Q06"
"LAW001_EXM01","LAW001_EXM01_Q07"
"LAW001_EXM01","LAW001_EXM01_Q08"
"LAW001_EXM01","LAW001_EXM01_Q09"
"LAW001_EXM01","LAW001_EXM01_Q10"
"LAW001_EXM02","LAW001_EXM02_Q_01"
"LAW001_EXM02","LAW001_EXM02_Q_02"
"LAW001_EXM02","LAW001_EXM02_Q_03"
"LAW001_EXM02","LAW001_EXM02_Q_04"
"LAW001_EXM02","LAW001_EXM02_Q_05"
"LAW001_EXM02","LAW001_EXM02_Q_06"
"LAW001_EXM02","LAW001_EXM02_Q_07"
"LAW001_EXM02","LAW001_EXM02_Q_08"
"LAW001_EXM02","LAW001_EXM02_Q_09"
"LAW001_EXM02","LAW001_EXM02_Q_10"
"LAW001_EXM03","LAW001_EXM03_Q1"
"LAW001_EXM03","LAW001_EXM03_Q10"
"LAW001_EXM03","LAW001_EXM03_Q2"
"LAW001_EXM03","LAW001_EXM03_Q3"
"LAW001_EXM03","LAW001_EXM03_Q4"
"LAW001_EXM03","LAW001_EXM03_Q5"
"LAW001_EXM03","LAW001_EXM03_Q6"
"LAW001_EXM03","LAW001_EXM03_Q7"
"LAW001_EXM03","LAW001_EXM03_Q8"
"LAW001_EXM03","LAW001_EXM03_Q9"
"LAW001_EXM04","LAW001_EXM04_Q1"
"LAW001_EXM04","LAW001_EXM04_Q10"
"LAW001_EXM04","LAW001_EXM04_Q2"
"LAW001_EXM04","LAW001_EXM04_Q3"
"LAW001_EXM04","LAW001_EXM04_Q4"
"LAW001_EXM04","LAW001_EXM04_Q5"
"LAW001_EXM04","LAW001_EXM04_Q6"
"LAW001_EXM04","LAW001_EXM04_Q7"
"LAW001_EXM04","LAW001_EXM04_Q8"
"LAW001_EXM04","LAW001_EXM04_Q9"
"LAW001_EXM05","LAW001_EXM05_Q1"
"LAW001_EXM05","LAW001_EXM05_Q10"
"LAW001_EXM05","LAW001_EXM05_Q2"
"LAW001_EXM05","LAW001_EXM05_Q3"
"LAW001_EXM05","LAW001_EXM05_Q4"
"LAW001_EXM05","LAW001_EXM05_Q5"
"LAW001_EXM05","LAW001_EXM05_Q6"
"LAW001_EXM05","LAW001_EXM05_Q7"
"LAW001_EXM05","LAW001_EXM05_Q8"
"LAW001_EXM05","LAW001_EXM05_Q9"
"LAW001_EXM06","LAW001_EXM06_Q1"
"LAW001_EXM06","LAW001_EXM06_Q10"
"LAW001_EXM06","LAW001_EXM06_Q2"
"LAW001_EXM06","LAW001_EXM06_Q3"
"LAW001_EXM06","LAW001_EXM06_Q4"
"LAW001_EXM06","LAW001_EXM06_Q5"
"LAW001_EXM06","LAW001_EXM06_Q6"
"LAW001_EXM06","LAW001_EXM06_Q7"
"LAW001_EXM06","LAW001_EXM06_Q8"
"LAW001_EXM06","LAW001_EXM06_Q9"
"LAW001_EXM07","LAW001_EXM07_Q1"
"LAW001_EXM07","LAW001_EXM07_Q10"
"LAW001_EXM07","LAW001_EXM07_Q2"
"LAW001_EXM07","LAW001_EXM07_Q3"
"LAW001_EXM07","LAW001_EXM07_Q4"
"LAW001_EXM07","LAW001_EXM07_Q5"
"LAW001_EXM07","LAW001_EXM07_Q6"
"LAW001_EXM07","LAW001_EXM07_Q7"
"LAW001_EXM07","LAW001_EXM07_Q8"
"LAW001_EXM07","LAW001_EXM07_Q9"
"LAW001_EXM08","LAW001_EXM08_Q1"
"LAW001_EXM08","LAW001_EXM08_Q10"
"LAW001_EXM08","LAW001_EXM08_Q2"
"LAW001_EXM08","LAW001_EXM08_Q3"
"LAW001_EXM08","LAW001_EXM08_Q4"
"LAW001_EXM08","LAW001_EXM08_Q5"
"LAW001_EXM08","LAW001_EXM08_Q6"
"LAW001_EXM08","LAW001_EXM08_Q7"
"LAW001_EXM08","LAW001_EXM08_Q8"
"LAW001_EXM08","LAW001_EXM08_Q9"
"LAW034_EXM01","LAW034_EXM01_Q1"
"LAW034_EXM01","LAW034_EXM01_Q10"
"LAW034_EXM01","LAW034_EXM01_Q2"
"LAW034_EXM01","LAW034_EXM01_Q3"
"LAW034_EXM01","LAW034_EXM01_Q4"
"LAW034_EXM01","LAW034_EXM01_Q5"
"LAW034_EXM01","LAW034_EXM01_Q6"
"LAW034_EXM01","LAW034_EXM01_Q7"
"LAW034_EXM01","LAW034_EXM01_Q8"
"LAW034_EXM01","LAW034_EXM01_Q9"
"LAW034_EXM02","LAW034_EXM02_Q1"
"LAW034_EXM02","LAW034_EXM02_Q10"
"LAW034_EXM02","LAW034_EXM02_Q2"
"LAW034_EXM02","LAW034_EXM02_Q3"
"LAW034_EXM02","LAW034_EXM02_Q4"
"LAW034_EXM02","LAW034_EXM02_Q5"
"LAW034_EXM02","LAW034_EXM02_Q6"
"LAW034_EXM02","LAW034_EXM02_Q7"
"LAW034_EXM02","LAW034_EXM02_Q8"
"LAW034_EXM02","LAW034_EXM02_Q9"
"LAW035_EXM01","LAW035_EXM01_Q1"
"LAW035_EXM01","LAW035_EXM01_Q2"
"LAW035_EXM01","LAW035_EXM01_Q3"
"LAW035_EXM01","LAW035_EXM01_Q4"
"LAW035_EXM01","LAW035_EXM01_Q5"
"PMO001_EXM01","PMO001_EXM01_Q1"
"PMO001_EXM01","PMO001_EXM01_Q10"
"PMO001_EXM01","PMO001_EXM01_Q2"
"PMO001_EXM01","PMO001_EXM01_Q3"
"PMO001_EXM01","PMO001_EXM01_Q4"
"PMO001_EXM01","PMO001_EXM01_Q5"
"PMO001_EXM01","PMO001_EXM01_Q6"
"PMO001_EXM01","PMO001_EXM01_Q7"
"PMO001_EXM01","PMO001_EXM01_Q8"
"PMO001_EXM01","PMO001_EXM01_Q9"
"PMO001_EXM02","PMO001_EXM02_Q1"
"PMO001_EXM02","PMO001_EXM02_Q10"
"PMO001_EXM02","PMO001_EXM02_Q2"
"PMO001_EXM02","PMO001_EXM02_Q3"
"PMO001_EXM02","PMO001_EXM02_Q4"
"PMO001_EXM02","PMO001_EXM02_Q5"
"PMO001_EXM02","PMO001_EXM02_Q6"
"PMO001_EXM02","PMO001_EXM02_Q7"
"PMO001_EXM02","PMO001_EXM02_Q8"
"PMO001_EXM02","PMO001_EXM02_Q9"
"RAD001_EXM01","RAD001_EXM01_Q_01"
"RAD001_EXM01","RAD001_EXM01_Q_02"
"RAD001_EXM01","RAD001_EXM01_Q_03"
"RAD001_EXM01","RAD001_EXM01_Q_04"
"RAD001_EXM01","RAD001_EXM01_Q_05"
"RAD001_EXM01","RAD001_EXM01_Q_06"
"RAD001_EXM01","RAD001_EXM01_Q_07"
"RAD001_EXM01","RAD001_EXM01_Q_08"
"RAD001_EXM01","RAD001_EXM01_Q_09"
"RAD001_EXM01","RAD001_EXM01_Q_10"
"SCR001_EXM01","SCR001_EXM01_Q1"
"SCR001_EXM01","SCR001_EXM01_Q10"
"SCR001_EXM01","SCR001_EXM01_Q2"
"SCR001_EXM01","SCR001_EXM01_Q3"
"SCR001_EXM01","SCR001_EXM01_Q4"
"SCR001_EXM01","SCR001_EXM01_Q5"
"SCR001_EXM01","SCR001_EXM01_Q6"
"SCR001_EXM01","SCR001_EXM01_Q7"
"SCR001_EXM01","SCR001_EXM01_Q8"
"SCR001_EXM01","SCR001_EXM01_Q9"
"SCR001_EXM02","SCR001_EXM02_Q1"
"SCR001_EXM02","SCR001_EXM02_Q10"
"SCR001_EXM02","SCR001_EXM02_Q2"
"SCR001_EXM02","SCR001_EXM02_Q3"
"SCR001_EXM02","SCR001_EXM02_Q4"
"SCR001_EXM02","SCR001_EXM02_Q5"
"SCR001_EXM02","SCR001_EXM02_Q6"
"SCR001_EXM02","SCR001_EXM02_Q7"
"SCR001_EXM02","SCR001_EXM02_Q8"
"SCR001_EXM02","SCR001_EXM02_Q9"
"SCR002_EXM01","SCR002_EXM01_Q01"
"SCR002_EXM01","SCR002_EXM01_Q02"
"SCR002_EXM01","SCR002_EXM01_Q03"
"SCR002_EXM01","SCR002_EXM01_Q04"
"SCR002_EXM01","SCR002_EXM01_Q05"
"SCR002_EXM01","SCR002_EXM01_Q06"
"SCR002_EXM01","SCR002_EXM01_Q07"
"SCR002_EXM01","SCR002_EXM01_Q08"
"SCR002_EXM01","SCR002_EXM01_Q09"
"SCR002_EXM01","SCR002_EXM01_Q10"
"SCR003_EXM01","SCR003_EXM01_Q01"
"SCR003_EXM01","SCR003_EXM01_Q02"
"SCR003_EXM01","SCR003_EXM01_Q03"
"SCR003_EXM01","SCR003_EXM01_Q04"
"SCR003_EXM01","SCR003_EXM01_Q05"
"SCR003_EXM01","SCR003_EXM01_Q06"
"SCR003_EXM01","SCR003_EXM01_Q07"
"SCR003_EXM01","SCR003_EXM01_Q08"
"SCR003_EXM01","SCR003_EXM01_Q09"
"SCR003_EXM01","SCR003_EXM01_Q10"
"SCR004_EXM01","SCR004_EXM01_Q01"
"SCR004_EXM01","SCR004_EXM01_Q02"
"SCR004_EXM01","SCR004_EXM01_Q03"
"SCR004_EXM01","SCR004_EXM01_Q04"
"SCR004_EXM01","SCR004_EXM01_Q05"
"SCR004_EXM01","SCR004_EXM01_Q06"
"SCR004_EXM01","SCR004_EXM01_Q07"
"SCR004_EXM01","SCR004_EXM01_Q08"
"SCR004_EXM01","SCR004_EXM01_Q09"
"SCR004_EXM01","SCR004_EXM01_Q10"
"SCR004_EXM02","SCR004_EXM02_Q_01"
"SCR004_EXM02","SCR004_EXM02_Q_02"
"SCR004_EXM02","SCR004_EXM02_Q_03"
"SCR004_EXM02","SCR004_EXM02_Q_04"
"SCR004_EXM02","SCR004_EXM02_Q_05"
"SCR004_EXM02","SCR004_EXM02_Q_06"
"SCR004_EXM02","SCR004_EXM02_Q_07"
"SCR004_EXM02","SCR004_EXM02_Q_08"
"SCR005_EXM01","SCR005_EXM01_Q_01"
"SCR005_EXM01","SCR005_EXM01_Q_02"
"SCR005_EXM01","SCR005_EXM01_Q_03"
"SCR005_EXM01","SCR005_EXM01_Q_04"
"SCR005_EXM01","SCR005_EXM01_Q_05"
"SCR005_EXM01","SCR005_EXM01_Q_06"
"SCR005_EXM01","SCR005_EXM01_Q_07"
"SCR005_EXM01","SCR005_EXM01_Q_08"
"SPT001_EXM01","SPT001_EXM01_Q_01"
"SPT001_EXM01","SPT001_EXM01_Q_02"
"SPT001_EXM01","SPT001_EXM01_Q_03"
"SPT001_EXM01","SPT001_EXM01_Q_04"
"SPT001_EXM01","SPT001_EXM01_Q_05"
"SPT001_EXM01","SPT001_EXM01_Q_06"
"SPT001_EXM01","SPT001_EXM01_Q_07"
"SPT001_EXM01","SPT001_EXM01_Q_08"
"SPT001_EXM01","SPT001_EXM01_Q_09"
"SPT001_EXM01","SPT001_EXM01_Q_10"
"TESTING_Diagnostic_Exam","Q_001"
"TESTING_Diagnostic_Exam","Q_002"
"TESTING_Diagnostic_Exam","Q_003"
"TESTING_Diagnostic_Exam","Q_004"
"TESTING_Diagnostic_Exam","Q_005"
"TESTING_Diagnostic_Exam","Q_006"
"TESTING_Diagnostic_Exam","Q_007"
"TESTING_Diagnostic_Exam","Q_008"
"TESTING_Diagnostic_Exam","Q_009"
"TESTING_Diagnostic_Exam","Q_010"
"TESTING_Diagnostic_Exam","Q_011"
"TESTING_Diagnostic_Exam","Q_012"
"TESTING_Diagnostic_Exam","Q_013"
"TESTING_Diagnostic_Exam","Q_014"
"TESTING_Diagnostic_Exam","Q_015"
"TESTING_Diagnostic_Exam","Q_016"
"TESTING_Diagnostic_Exam","Q_017"
"TESTING_Diagnostic_Exam","Q_018"
"TESTING_Diagnostic_Exam","Q_019"
"TESTING_Diagnostic_Exam","Q_020"
"TESTING_Diagnostic_Exam","Q_021"
"TESTING_Diagnostic_Exam","Q_022"
"TESTING_Diagnostic_Exam","Q_023"
"TESTING_Diagnostic_Exam","Q_024"
"TESTING_Diagnostic_Exam","Q_025"
"TESTING_Diagnostic_Exam","Q_026"
"TESTING_Diagnostic_Exam","Q_027"
"TESTING_Diagnostic_Exam","Q_028"
"TESTING_Diagnostic_Exam","Q_029"
"TESTING_Diagnostic_Exam","Q_030"
"TESTING_Diagnostic_Exam","Q_031"
"TESTING_Diagnostic_Exam","Q_032"
"TESTING_Diagnostic_Exam","Q_033"
"TESTING_Diagnostic_Exam","Q_034"
"TESTING_Diagnostic_Exam","Q_035"
"TESTING_Diagnostic_Exam","Q_036"
"TESTING_Diagnostic_Exam","Q_037"
"TESTING_Diagnostic_Exam","Q_038"
"TESTING_Diagnostic_Exam","Q_039"
"TESTING_Diagnostic_Exam","Q_040"
"TESTING_Diagnostic_Exam","Q_041"
"TESTING_Diagnostic_Exam","Q_042"
"TESTING_Diagnostic_Exam","Q_043"
"TESTING_Diagnostic_Exam","Q_044"
"TESTING_Diagnostic_Exam","Q_045"
"TESTING_Diagnostic_Exam","Q_046"
"TESTING_Diagnostic_Exam","Q_047"
"TESTING_Diagnostic_Exam","Q_048"
"TESTING_Diagnostic_Exam","Q_049"
"TESTING_Diagnostic_Exam","Q_050"
"TESTING_Diagnostic_Exam","Q_051"
"TESTING_Diagnostic_Exam","Q_052"
"TESTING_Diagnostic_Exam","Q_053"
"TESTING_Diagnostic_Exam","Q_054"
"TESTING_Diagnostic_Exam","Q_055"
"TESTING_Diagnostic_Exam","Q_056"
"TESTING_Diagnostic_Exam","Q_057"
"TESTING_Diagnostic_Exam","Q_058"
"TESTING_Diagnostic_Exam","Q_059"
"TESTING_Diagnostic_Exam","Q_060"
"TESTING_Diagnostic_Exam","Q_061"
"TESTING_Diagnostic_Exam","Q_062"
"TESTING_Diagnostic_Exam","Q_063"
"TESTING_Diagnostic_Exam","Q_064"
"TESTING_Diagnostic_Exam","Q_065"
"TESTING_Diagnostic_Exam","Q_066"
"TESTING_Diagnostic_Exam","Q_067"
"TESTING_Diagnostic_Exam","Q_068"
"TESTING_Diagnostic_Exam","Q_069"
"TESTING_Diagnostic_Exam","Q_070"
"TESTING_Diagnostic_Exam","Q_071"
"TESTING_Diagnostic_Exam","Q_072"
"TESTING_Diagnostic_Exam","Q_073"
"TESTING_Diagnostic_Exam","Q_074"
"TESTING_Diagnostic_Exam","Q_075"
"TESTING_Diagnostic_Exam","Q_076"
"TESTING_Diagnostic_Exam","Q_077"
"TESTING_Diagnostic_Exam","Q_078"
"TESTING_Diagnostic_Exam","Q_079"
"TESTING_Diagnostic_Exam","Q_080"
"TESTING_Diagnostic_Exam","Q_081"
"TESTING_Diagnostic_Exam","Q_082"
"TESTING_Diagnostic_Exam","Q_083"
"TESTING_Diagnostic_Exam","Q_084"
"TESTING_Diagnostic_Exam","Q_085"
"TESTING_Diagnostic_Exam","Q_086"
"TESTING_Diagnostic_Exam","Q_087"
"TESTING_Diagnostic_Exam","Q_088"
"TESTING_Diagnostic_Exam","Q_089"
"TESTING_Diagnostic_Exam","Q_090"
"TESTING_Diagnostic_Exam","Q_091"
"TESTING_Diagnostic_Exam","Q_092"
"TESTING_Diagnostic_Exam","Q_093"
"TESTING_Diagnostic_Exam","Q_094"
"TESTING_Diagnostic_Exam","Q_095"
"TESTING_Diagnostic_Exam","Q_096"
"TESTING_Diagnostic_Exam","Q_097"
"TESTING_Diagnostic_Exam","Q_098"
"TESTING_Diagnostic_Exam","Q_099"
"TESTING_Diagnostic_Exam","Q_100"
